folder_id,folder_name
1,A1P10LXQgGS
2,A1KcpmdyZcS
3,911dnmIdIYS
4,A1TfaqtPn1S
5,91k62gM3CdS
6,A1CyPGq5HcS
7,91yJtf-8RBS
8,91hfgkIXQHS
9,A1MPQ2Fne+S
10,A1jx8Z9eIHS
11,A1cofEJXx3S
12,A1hlRP7BkZS
13,91jAkcMn9ES
14,A1gVq1bGsKS
15,91-2Jb8DkfS
16,A1kmEeviTSS
17,91y4PIhedLS
18,A1cG9GzVTHS
19,A134R3du4SS
20,A1UjKO6+U6S
21,91inLIhjlkS
22,A1vtrDlFZYS
23,A1IWb5AMMlS
24,911EyguDLjS
25,91-BAOunZBS
26,91VR+4O2H6S
27,91ZSSH2D-xS
28,A1LCBvndW3S
29,919vwGkoBZS
30,91+20mY7UJS
31,91UGeylvSYS
32,91GN31Z1rVS
33,91UveTFmA3S
34,A1AjDdqufJS
35,91bxJwvqyzS
36,A1l1po6YF2S
37,91+PxYkdSaS
38,A1VhNN47hUS
39,A1zaFTtYy+S
40,A1-6cHgMKxS
41,A1ERataKU1S
42,A1iFJaDDBKS
43,A1fd4ZDyhwS
44,91DU41k+QfS
45,A1aF4I7s-hS
46,A1va+qFspPS
47,91G0vO9z0KS
48,A1INOWKAOfS
49,91Gi3oNo0ZS
50,A1LXiB9DErS
51,A12XuDE2T3S
52,91d1Gs7pDqS
53,A1phWCkHzQS
54,91+lbQkcx5S
55,A17Q4CoaY7S
56,A1A1OMtYuiS
57,A1NPZwUqfaS
58,91JGLZ4VuIS
59,A1o2X2SZJ8S
60,A1ioBaIf3+S
61,91ierZSo5hS
62,91ugqUYBFYS
63,A1ca1mgsMUS
64,91GoF2Z9ryS
65,91LU1NHG2zS
66,91LVKVKed0S
67,A1-zDL7VfyS
68,A1YsUDIAq3S
69,919t9Syv9mS
70,91mxkmTsn-S
71,A1F3EkKe2ES
72,A1h5pleQRdS
73,91dVyEFeFXS
74,A1u5vhJKxtS
75,A15H3k0MRRS
76,91p9RBHG-qS
77,91AxNIzSlaS
78,A1p7F2+bYyS
79,910yQoWQpFS
80,91rr7Fj3wmS
81,91risc0HOhS
82,A1s0+qM9T1S
83,9194wrYnsuS
84,91i7wHVECAS
85,A1ObofRlFtS
86,A1GqSV9JCNS
87,A1U3C2fmz4S
88,91D23ZVV6NS
89,91fdTDFn-0S
90,91k+vG5ThUS
91,91KzTEtLCcS
92,A1YQG7hbxAS
93,A1fta5rGYwS
94,917v6EQuPJS
95,A1ZKroqr8eS
96,91gayUSzkqS
97,A1Qf04-ORaS
98,91rCwmuvuIS
99,912b+e6TrKS
100,91Jvr6TZf1S
101,A1GHQG8KysS
102,91awBtSMraS
103,A19FRhRmb-S
104,A149qryhUwS
105,91He1e1jhwS
106,9129YDE+cmS
107,A1Bc1P0TdqS
108,A15F0+kY8rS
109,A1AKpUs29AS
110,91Xs4WPjtTS
111,91iKyqnNwxS
112,A15Qq5inIHS
113,91JfCp4ysES
114,A1N1qLQou6S
115,91QFEra7jDS
116,91l9zhxnd-S
117,A1jFMj0n1JS
118,91d3Lx1uCYS
119,91TinyLmtvS
120,A1nbMxob4VS
121,91L8FIoMnTS
122,A1JverX4ADS
123,91ENRDaKyIS
124,91nTMHxyitS
125,A1tDo5PqA9S
126,A1u0IlecjbS
127,A1jqlFsctyS
128,91zpcutg68S
129,A1e4FvDCO0S
130,A1EjJwhDw-S
131,A1W9PeerqUS
132,91f66jHiIJS
133,91Zc93fnXBS
134,91uhnh+Z5rS
135,91fbGDJDEZS
136,A1sinewFaDS
137,91IYZzsL6oS
138,91lOX26QQ+S
139,91KbTM-Qs5S
140,91I3ReFlwmS
141,A1b1qjsklzS
142,A1TTCvb9eqS
143,A1AhksKfjQS
144,910rxtT4lNS
145,91id9oI6OXS
146,A15GWy1GbkS
147,91iLyRqupFS
148,91dqdbuZPhS
149,91VyWwPVZBS
150,A1Yh-MNHbrS
151,919quRNFxHS
152,91pO-0Xf8CS
153,91DccWQJovS
154,911HPTHcpRS
155,91Om51OQRgS
156,91nLbWw4ezS
157,91Ghs8ro+NS
158,91GeSv-KwSS
159,91lIYuUETHS
160,A135+VkA+9S
161,A13qMfx+VdS
162,91C01Mb7OBS
163,91U6zCbi81S
164,A1AVN6EopvS
165,A1AMRLTiJGS
166,91+uwOT1POS
167,A1MPiBwZuIS
168,A1A0BcAeG0S
169,A1y4ALrThUS
170,A1je3steNHS
171,91NlXJ+dBRS
172,A1PY+v5m7oS
173,A1Pd+czuQ5S
174,91khUDfmcnS
175,91WIsDoNP2S
176,91Lvh4YdSUS
177,91FvbEl4WSS
178,91T6U5fAejS
179,A1E+sxSfPQS
180,91V2ZOx7L2S
181,A1rkShWKy-S
182,A1H-rni1GwS
183,91bit+2uAGS
184,A1sE2aFAZDS
185,91BxsiLn7uS
186,A14QYvPah6S
187,917zWmTGVMS
188,91c+SL7Cg7S
189,91elFllk8oS
190,91IiZsMxf9S
191,91+z7oAY-IS
192,A1eiU3QtJZS
193,91SOigLcQkS
194,A1p7n9-jHES
195,A1TkcPfqMYS
196,A10DsT3ew3S
197,91LxNkrQZVS
198,91sNkqpxajS
199,A14gz1dCU2S
200,91SgMpTCl3S
201,A1wwPTTzVGS
202,91zX7m12qrS
203,A16dzLO+diS
204,918uApIJYCS
205,A1AaQORgLfS
206,A1GOx7I3kfS
207,A1ZfjsfRsJS
208,91P6l1xYVQS
209,91iEHRn6ZGS
210,91v9t7spFnS
211,A1-92I736ES
212,A1Z+OiecmLS
213,A1Y8HsouVnS
214,A1AcsqCBqyS
215,91mOBF1cAJS
216,91UZGkoxFFS
217,91UzJdn3N+S
218,91EPHko9EMS
219,A1MsFmxPg1S
220,91USaiAdMdS
221,A15nWd4JYgS
222,91Iegdp9HFS
223,A1WY8jED6NS
224,91CYKqVIWKS
225,A1-ZzOdQ9tS
226,A1NoOlWA5zS
227,91xHpayzM0S
228,A1weUj8AndS
229,A1JAMLw3HHS
230,91VUAXoMGxS
231,A11y7ZJTf6S
232,A1SitGflSMS
233,91rso8MLhNS
234,A190oHyN7XS
235,A1maQZR5JNS
236,91sHkbnXtmS
237,91-wIan2z6S
238,91X-fpTnQjS
239,A1q5q4JH2cS
240,91rduj3SEeS
241,A1mKRBbECZS
242,A1hkvS7COFS
243,91KyQhcAjmS
244,A1uwPz7+srS
245,A1QjseidMkS
246,A1EpEaUAOpS
247,A190M-8Kh8S
248,A196PE754WS
249,A1CGKqiQbKS
250,9167xfvs0RS
251,91aHjkHkSQS
252,911oR3cdb1S
253,91+bCFG1jOS
254,91Ucjr9DLYS
255,A1Y7LcdJ8jS
256,A1aUOWf3EES
257,91XQ7iTrA3S
258,A12Bs0ylPrS
259,91CHD5t6lkS
260,A13x1REw8VS
261,A1L6XV+jeQS
262,91uXUiMTuVS
263,A1bU-WYQgvS
264,91gY8y3phjS
265,A15g0ekJ1US
266,A1kBIdnD65S
267,A1ESU8dpYhS
268,A14+p6E20BS
269,91Ile3zLhMS
270,A10guZxkDfS
271,A1gHv2OcraS
272,A1xGg3ZcFvS
273,91iSAR-kQlS
274,A1GJweFGAiS
275,A1X3koQIOoS
276,91CO316EfOS
277,91SkcqZbgHS
278,A1PirhB4wES
279,91wrpZZAuGS
280,91lUoCMPlGS
281,A1ahIWv8SpS
282,91jvQeBJovS
283,A1PyMMv4i2S
284,A1sJoS5NgBS
285,A1fjrQMJMAS
286,A1gXF-c+0dS
287,A16LhLE1PoS
288,A1qbiuHTZCS
289,91-kqBbzDIS
290,A14+vjk00kS
291,A1FN3aNHu4S
292,91t9QPjy6IS
293,A1LI3q12smS
294,91QI9OO73uS
295,A1fhGrcXjjS
296,91C+rpudhdS
297,91HL0Dn7NzS
298,91UN-4ypVfS
299,91LR1LCcc1S
300,91J6B8sbMuS
301,A1-JigxCHVS
302,91WwxuTSaYS
303,91TDp5Z08AS
304,91QfJhDwuxS
305,91+xeI+ijRS
306,A1v-wPFDxBS
307,A14zSHJKopS
308,A1+lct+7pqS
309,A1hQq1tJyZS
310,91sbGyAh4lS
311,91smb5UEjsS
312,91O0DKws+gS
313,91itUP78RnS
314,A1DKTgVSVaS
315,912Qm4qFZ5S
316,91yKWACUNcS
317,91a7ujDXN9S
318,916VcoojH6S
319,91bMH7SeuoS
320,A1-T14PwQPS
321,A1kOYTO9sRS
322,A11UTfKe+tS
323,A1nKGW2--gS
324,A17zkSVwKES
325,91FQFmPfsPS
326,A158fYJR5gS
327,A1nolvbbFUS
328,A16dhGRUkuS
329,91gIhZ2S4SS
330,916iz4hbIJS
331,91zrX+VihKS
332,A1u1X1B3bWS
333,A1IPcs--FPS
334,91eqrZs3NOS
335,A1vvFYsp4PS
336,A1K2E+QDwJS
337,A1f94LlYyIS
338,A1VKFP3456S
339,914YKv4LeXS
340,91CL7aaNUQS
341,91Fl2rS9sAS
342,A15VEzukScS
343,A1Ir3wQYrRS
344,919k+nrbR6S
345,A11yVBcrftS
346,91ZSnUjczES
347,91NMtb9JuES
348,A1E-bnKT5iS
349,81FyMPk-WIS
350,91+fUG+fyBS
351,A1FYkMYsPAS
352,91tr6rk41qS
353,91CUFOb58AS
354,91msz0VABdS
355,91KN65tdl9S
356,A1+Ea25jPFS
357,91gJasnQEyS
358,91syhDT3BfS
359,91jKbe9-y4S
360,91t1iUyA-DS
361,91sUrTdJbTS
362,A1UJwaPJfqS
363,A1nYlrP3+zS
364,A14qP36SAnS
365,91lkERFbNzS
366,A15HjAPmcrS
367,A16G49pfsKS
368,91WvLcNpdzS
369,91Hi+Nn+WQS
370,A1Yin2If81S
371,A1w4zlJFPiS
372,A17AGFxllwS
373,91CBf2PucRS
374,A1trMn+DPCS
375,917sawDuD5S
376,A1ov09nlukS
377,A1cks+TzPgS
378,A1YTUoD6VLS
379,91VBdLPe6sS
380,A14lkhInQfS
381,A11fCqkXWUS
382,9193ZptS2NS
383,91PbGctNl8S
384,A1mkjLY5A7S
385,91tvKOw3HqS
386,91Wt9hr+93S
387,A1b0a5leqoS
388,91e5Zx4EMDS
389,91xuWi7D5kS
390,A1w603Ci8KS
391,A1Wy60+1o4S
392,A1AMAIOLUsS
393,A1Y4RROg3yS
394,A1klQ-odb4S
395,9174TjkrG2S
396,A1XmzqScZLS
397,A1as1eJFMZS
398,A1P+0ZhMAiS
399,91Yw7J872gS
400,A1TmEeuBxfS
401,91pn9FUZ9NS
402,91+PxmDyrgS
403,A1PBDuSfdiS
404,A1f9DiUYpAS
405,A15HYlQRNUS
406,A16SWkijSrS
407,A1IT+pEn0iS
408,91hVdrwKj8S
409,91kau3zgnCS
410,A1W1FyxFN1S
411,A1kmapmav2S
412,91S0eS4UYDS
413,91fxYsir49S
414,91A3-6ehAhS
415,A1HoF0l4NrS
416,A1eEZvfJRUS
417,A14e-5v80zS
418,91PPEg-KXES
419,A127e+bWMvS
420,A12qCU8nimS
421,A1Cjr6BQW1S
422,91NuxtjJ8sS
423,91B1xPF+UGS
424,A1JjifG3FwS
425,A1EGxWmdmOS
426,91wfTWcm+HS
427,91ouZtTxM6S
428,91t-lS-8VkS
429,A1Oxt4PlX5S
430,91awragicLS
431,A18SZEmAPmS
432,91qaGfTESXS
433,91zcRJwjygS
434,91w13yjb8MS
435,A1jQBm9NGkS
436,A15KmK+PapS
437,A1QvutYxzXS
438,91Rff5U3uHS
439,91NUBMaZ0MS
440,A18GIeJe6RS
441,A1fa0B8PGqS
442,91ETNTpkRLS
443,91-9wEBqAlS
444,91hECpvrRSS
445,A1o+Q8NgFnS
446,A1uLhwCC4mS
447,91Xg-11OuYS
448,91FQY9XTyQS
449,91tO0imIhfS
450,91xDLvKBQ8S
451,A1b8hF5TgXS
452,91Z+ZFDkaLS
453,A15oY022hnS
454,A1sqF9lNpqS
455,91pUKQ9VE-S
456,91mJs1Rx9ZS
457,914LPAnGLuS
458,A1jBHy9ecoS
459,A1rxI8K31eS
460,A1jBVJHhD5S
461,91SzoPJfbMS
462,91lrKy4o2MS
463,A1B2qmziDvS
464,91xENK41GyS
465,91EWdk0xgDS
466,91Sc09ZXIWS
467,A1qmerAHT-S
468,91jVgPE1s1S
469,A1bM5kktW7S
470,91kahoXLeSS
471,91w4r-YTBlS
472,A1l3RNefCZS
473,91rbRfjMweS
474,A1reZkUWSVS
475,A1X+6J1KpJS
476,91vXwMBQScS
477,A11EAY9CR5S
478,A15Khtac8xS
479,A1scLENhiYS
480,A1eAt1p54XS
481,91WwlYjebKS
482,A1wGG6QMSqS
483,918l-RDCPAS
484,917B4f44vhS
485,A1W-zcVU1JS
486,A1pDSUD-6kS
487,91ORyUPpoDS
488,A1S0xsQfaiS
489,A1C4Gaa9q-S
490,A1WD56t39zS
491,9191vM3gWUS
492,A1ZJTtuiBDS
493,91FxsyKa6cS
494,91bTyHxr3KS
495,91wac4EX5NS
496,A18fOhsmJWS
497,91BeC-Eo4+S
498,91yaNbzZb2S
499,A1372XbmjQS
500,91S-OYN7chS